name,cuisine,diet,price
Mango Kulfi,indian,vegetarian,45
Gulab Jamun,indian,vegetarian,30
Rasgulla,indian,vegetarian,35
Kesar Pista Ice Cream,indian,vegetarian,60
Rabri,indian,vegetarian,50
Coconut Ladoo,indian,vegetarian,25
Malai Sandwich Ice Cream,indian,vegetarian,55
Sweet Momos,french,vegetarian,91
Spicy Rolls,italian,vegan,100
Grilled Salad,mediterranean,vegetarian,29
Delicious Pizza,greek,vegetarian,27
Spicy Sushi,italian,vegetarian,81
Tasty Rolls,chinese,vegan,90
Tasty Biryani,mediterranean,vegetarian,78
Sweet Tacos,chinese,non-vegetarian,95
Tasty Rolls,french,non-vegetarian,45
Delicious Salad,french,vegetarian,46
Delicious Biryani,indian,non-vegetarian,71
Sweet Tacos,continental,non-vegetarian,32
Fried Tacos,mediterranean,non-vegetarian,66
Fried Momos,indian,vegetarian,30
Tasty Salad,mexican,vegan,46
Delicious Soup,chinese,non-vegetarian,23
Sweet Salad,french,vegetarian,40
Sweet Stew,chinese,vegan,81
Grilled Sushi,japanese,non-vegetarian,33
Fried Rolls,french,vegetarian,84
Sweet Rolls,indian,vegan,58
Delicious Rolls,greek,vegetarian,48
Fried Salad,japanese,vegetarian,41
Fried Salad,thai,non-vegetarian,22
Spicy Salad,japanese,non-vegetarian,91
Grilled Salad,italian,vegan,28
Grilled Biryani,mediterranean,vegan,39
Grilled Salad,chinese,vegetarian,81
Tasty Soup,chinese,vegetarian,85
Tasty Stew,mexican,non-vegetarian,73
Delicious Biryani,mexican,vegetarian,10
Sweet Pizza,continental,vegetarian,66
Spicy Rolls,continental,vegan,71
Tasty Tacos,greek,non-vegetarian,95
Fried Stew,chinese,vegetarian,44
Sweet Pizza,mediterranean,vegetarian,21
Spicy Pasta,french,vegetarian,44
Grilled Soup,greek,vegetarian,18
Delicious Soup,thai,vegan,21
Delicious Sushi,chinese,vegan,45
Spicy Rolls,japanese,vegetarian,27
Fried Stew,mexican,vegan,47
Sweet Salad,japanese,vegetarian,50
Grilled Stew,greek,non-vegetarian,30
Spicy Salad,italian,non-vegetarian,77
Spicy Rolls,mexican,non-vegetarian,11
Sweet Momos,greek,vegetarian,34
Sweet Tacos,continental,non-vegetarian,33
Sweet Stew,french,vegan,41
Delicious Tacos,italian,vegan,64
Delicious Pizza,thai,vegan,72
Tasty Stew,italian,non-vegetarian,40
Sweet Rolls,mediterranean,vegetarian,52
Tasty Soup,chinese,vegan,26
Spicy Salad,chinese,vegan,52
Grilled Pizza,mediterranean,vegetarian,15
Spicy Salad,mexican,non-vegetarian,39
Fried Sushi,continental,vegan,38
Grilled Pasta,mediterranean,vegan,64
Tasty Tacos,chinese,vegetarian,31
Tasty Soup,mediterranean,non-vegetarian,91
Delicious Stew,greek,vegan,30
Delicious Tacos,japanese,vegetarian,26
Tasty Salad,thai,non-vegetarian,79
Spicy Soup,greek,vegan,17
Spicy Salad,italian,non-vegetarian,13
Spicy Sushi,indian,non-vegetarian,73
Delicious Momos,japanese,non-vegetarian,50
Delicious Salad,thai,vegetarian,69
Delicious Pasta,japanese,non-vegetarian,47
Tasty Pizza,greek,vegetarian,27
Sweet Pasta,continental,vegetarian,24
Fried Sushi,japanese,vegetarian,41
Fried Salad,french,non-vegetarian,100
Grilled Sushi,continental,non-vegetarian,40
Delicious Stew,chinese,vegetarian,14
Grilled Stew,italian,non-vegetarian,74
Sweet Sushi,japanese,non-vegetarian,22
Grilled Soup,indian,vegetarian,61
Sweet Salad,japanese,vegetarian,29
Fried Stew,japanese,non-vegetarian,49
Fried Tacos,mediterranean,vegetarian,34
Sweet Salad,chinese,vegetarian,24
Spicy Soup,french,vegetarian,50
Delicious Pasta,indian,vegan,44
Delicious Rolls,french,vegetarian,64
Spicy Biryani,thai,non-vegetarian,51
Spicy Tacos,chinese,vegan,34
Sweet Rolls,italian,vegan,48
Grilled Salad,italian,non-vegetarian,34
Tasty Sushi,italian,vegetarian,81
Sweet Biryani,thai,non-vegetarian,73
Spicy Soup,mexican,vegetarian,81
Fried Sushi,greek,vegan,32
Tasty Rolls,japanese,non-vegetarian,48
Delicious Momos,mediterranean,non-vegetarian,25
Fried Rolls,indian,vegan,32
Grilled Sushi,japanese,vegetarian,81
Fried Pasta,thai,non-vegetarian,81
Fried Salad,mediterranean,non-vegetarian,30
Grilled Stew,italian,vegetarian,44
Fried Momos,mexican,vegan,66
Sweet Soup,mexican,non-vegetarian,42
Spicy Biryani,mexican,vegan,72
Fried Rolls,japanese,vegan,30
Tasty Sushi,mexican,vegan,24
Grilled Salad,thai,vegan,30
Grilled Salad,thai,non-vegetarian,44
Delicious Rolls,indian,vegetarian,84
Sweet Biryani,mexican,vegan,28
Spicy Soup,thai,vegetarian,58
Grilled Rolls,italian,vegan,10
Delicious Rolls,greek,non-vegetarian,48
Grilled Pizza,thai,vegetarian,57
Delicious Tacos,mexican,vegan,89
Grilled Pasta,greek,non-vegetarian,13
Sweet Momos,continental,vegan,66
Fried Biryani,continental,vegan,58
Grilled Salad,indian,non-vegetarian,41
Grilled Pizza,mexican,vegan,87
Sweet Soup,thai,vegan,26
Sweet Sushi,continental,vegetarian,41
Sweet Sushi,indian,non-vegetarian,24
Tasty Sushi,chinese,vegan,40
Grilled Stew,mexican,vegetarian,74
Grilled Biryani,chinese,non-vegetarian,20
Delicious Tacos,continental,vegan,12
Tasty Salad,continental,vegetarian,100
Tasty Momos,indian,vegan,36
Spicy Tacos,chinese,non-vegetarian,13
Fried Biryani,french,vegetarian,51
Sweet Tacos,mexican,vegan,22
Sweet Biryani,mexican,vegan,63
Sweet Biryani,mediterranean,vegetarian,40
Tasty Biryani,italian,vegan,12
Sweet Pizza,continental,vegan,97
Grilled Soup,continental,vegetarian,18
Grilled Stew,continental,non-vegetarian,39
Delicious Tacos,japanese,vegetarian,55
Delicious Biryani,chinese,vegan,23
Grilled Salad,mexican,vegan,34
Spicy Soup,continental,vegetarian,72
Fried Sushi,mediterranean,non-vegetarian,25
Fried Salad,chinese,vegan,92
Sweet Tacos,chinese,vegetarian,17
Fried Sushi,thai,vegetarian,70
Delicious Soup,greek,non-vegetarian,58
Fried Sushi,greek,vegetarian,17
Spicy Biryani,indian,non-vegetarian,17
Fried Biryani,french,vegetarian,16
Fried Sushi,thai,non-vegetarian,27
Tasty Sushi,french,non-vegetarian,34
Spicy Pasta,japanese,vegetarian,25
Grilled Sushi,thai,vegetarian,28
Spicy Sushi,french,non-vegetarian,60
Sweet Sushi,mediterranean,vegetarian,42
Delicious Pasta,french,vegetarian,30
Fried Sushi,french,vegetarian,30
Tasty Tacos,italian,vegan,36
Tasty Biryani,indian,vegetarian,16
Fried Pizza,mexican,non-vegetarian,80
Spicy Momos,greek,vegetarian,22
Grilled Salad,french,non-vegetarian,44
Fried Sushi,mexican,non-vegetarian,58
Sweet Rolls,italian,vegetarian,44
Tasty Tacos,french,vegan,46
Spicy Soup,greek,non-vegetarian,32
Delicious Sushi,chinese,vegan,74
Grilled Pasta,mexican,vegan,26
Grilled Momos,chinese,vegetarian,85
Spicy Stew,chinese,vegan,67
Tasty Pizza,mexican,vegetarian,19
Delicious Stew,japanese,vegan,68
Delicious Biryani,mexican,non-vegetarian,60
Sweet Tacos,japanese,non-vegetarian,98
Spicy Stew,greek,non-vegetarian,88
Spicy Soup,greek,non-vegetarian,54
Tasty Pasta,italian,vegetarian,46
Grilled Pizza,greek,non-vegetarian,82
Delicious Pasta,indian,vegan,46
Tasty Soup,greek,vegetarian,49
Tasty Stew,japanese,vegan,17
Grilled Pizza,greek,vegetarian,50
Tasty Salad,thai,vegan,49
Sweet Soup,chinese,vegan,18
Sweet Stew,italian,non-vegetarian,15
Fried Rolls,greek,vegan,60
Delicious Rolls,greek,vegetarian,19
Delicious Soup,mexican,non-vegetarian,50
Spicy Pizza,mexican,vegetarian,88
Spicy Biryani,japanese,vegan,14
Fried Biryani,chinese,vegetarian,30
Delicious Soup,continental,vegetarian,23
Sweet Sushi,mexican,vegan,45
Sweet Soup,italian,vegetarian,25
Grilled Soup,indian,vegetarian,54
Grilled Momos,japanese,vegetarian,56
Delicious Momos,thai,non-vegetarian,63
Tasty Pizza,japanese,non-vegetarian,21
Delicious Momos,continental,vegetarian,50
Grilled Sushi,chinese,vegetarian,30
Sweet Momos,japanese,vegetarian,49
Fried Rolls,japanese,non-vegetarian,61
Delicious Pizza,japanese,vegan,33
Delicious Sushi,indian,non-vegetarian,87
Delicious Biryani,indian,vegetarian,88
Tasty Momos,mediterranean,vegetarian,79
Sweet Sushi,mediterranean,vegetarian,93
Fried Pasta,greek,vegetarian,40
Delicious Rolls,chinese,vegetarian,19
Fried Rolls,japanese,vegetarian,66
Delicious Momos,chinese,vegetarian,29
Spicy Salad,italian,vegan,69
Delicious Biryani,mediterranean,non-vegetarian,39
Grilled Tacos,japanese,vegetarian,66
Grilled Sushi,italian,vegetarian,18
Grilled Stew,mediterranean,vegetarian,10
Delicious Momos,greek,non-vegetarian,34
Grilled Momos,mexican,vegetarian,72
Delicious Stew,italian,non-vegetarian,30
Grilled Pasta,french,non-vegetarian,36
Spicy Soup,continental,vegan,27
Tasty Sushi,chinese,vegan,29
Fried Salad,thai,non-vegetarian,73
Fried Rolls,mediterranean,non-vegetarian,75
Sweet Pasta,indian,non-vegetarian,25
Fried Pasta,continental,non-vegetarian,36
Spicy Momos,japanese,vegetarian,20
Sweet Pasta,greek,vegan,26
Grilled Momos,continental,non-vegetarian,47
Grilled Pasta,italian,vegetarian,72
Fried Sushi,italian,non-vegetarian,43
Spicy Stew,french,vegan,36
Delicious Momos,continental,non-vegetarian,98
Spicy Momos,indian,vegetarian,18
Delicious Momos,french,vegan,31
Spicy Salad,greek,vegan,80
Tasty Pasta,continental,non-vegetarian,29
Tasty Momos,thai,non-vegetarian,73
Grilled Salad,mediterranean,vegetarian,14
Grilled Soup,greek,non-vegetarian,10
Tasty Soup,indian,vegan,67
Delicious Rolls,mediterranean,vegan,63
Tasty Salad,thai,vegan,98
Grilled Stew,italian,vegan,40
Spicy Stew,japanese,vegan,44
Fried Momos,mediterranean,vegan,16
Grilled Momos,italian,vegan,75
Delicious Pasta,mexican,non-vegetarian,31
Sweet Tacos,chinese,vegetarian,26
Sweet Biryani,italian,vegetarian,21
Delicious Soup,italian,vegetarian,26
Grilled Stew,greek,non-vegetarian,46
Fried Salad,mediterranean,vegan,50
Tasty Soup,continental,vegetarian,51
Spicy Pizza,mexican,vegan,11
Spicy Pasta,thai,vegan,30
Spicy Tacos,italian,vegan,85
Delicious Rolls,thai,vegan,84
Tasty Pizza,japanese,non-vegetarian,99
Fried Soup,mediterranean,vegan,19
Spicy Pasta,thai,vegan,46
Spicy Salad,chinese,vegan,30
Grilled Pizza,italian,vegetarian,23
Spicy Salad,indian,vegan,68
Spicy Stew,italian,non-vegetarian,58
Spicy Sushi,mexican,vegetarian,79
Sweet Stew,indian,vegetarian,35
Fried Sushi,mediterranean,vegetarian,37
Grilled Tacos,mediterranean,vegetarian,13
Delicious Salad,japanese,non-vegetarian,90
Delicious Pizza,chinese,non-vegetarian,77
Sweet Soup,chinese,non-vegetarian,35
Fried Rolls,mediterranean,vegan,12
Grilled Salad,mexican,non-vegetarian,34
Sweet Stew,continental,vegan,94
Fried Pasta,thai,non-vegetarian,23
Delicious Pizza,thai,vegetarian,48
Sweet Momos,greek,vegetarian,95
Fried Tacos,mexican,non-vegetarian,18
Grilled Salad,italian,non-vegetarian,80
Spicy Pasta,thai,non-vegetarian,84
Fried Pasta,japanese,vegan,37
Spicy Tacos,italian,non-vegetarian,35
Tasty Pizza,chinese,vegan,11
Spicy Pizza,thai,vegetarian,76
Tasty Tacos,thai,non-vegetarian,90
Sweet Tacos,thai,non-vegetarian,78
Fried Stew,japanese,vegetarian,94
Spicy Sushi,continental,non-vegetarian,25
Delicious Salad,continental,vegan,74
Fried Sushi,mexican,non-vegetarian,37
Fried Sushi,french,vegetarian,48
Delicious Momos,continental,vegetarian,41
Tasty Momos,chinese,vegetarian,36
Grilled Momos,japanese,vegetarian,22
Delicious Pizza,chinese,vegetarian,19
Fried Pasta,french,vegetarian,63
Grilled Salad,continental,non-vegetarian,46
Delicious Tacos,indian,vegan,75
Sweet Rolls,thai,vegan,57
Delicious Soup,mexican,non-vegetarian,29
Grilled Stew,mexican,vegetarian,18
Tasty Soup,french,vegetarian,51
Delicious Momos,thai,non-vegetarian,38
Sweet Pasta,italian,non-vegetarian,67
Sweet Sushi,italian,non-vegetarian,39
Fried Salad,indian,vegetarian,48
Spicy Biryani,japanese,vegetarian,22
Fried Momos,thai,vegetarian,48
Tasty Biryani,mediterranean,non-vegetarian,61
Grilled Sushi,mediterranean,non-vegetarian,22
Delicious Soup,mexican,vegan,75
Sweet Tacos,japanese,vegetarian,22
Fried Pasta,chinese,vegetarian,40
Spicy Momos,indian,vegan,89
Tasty Rolls,continental,non-vegetarian,88
Spicy Soup,french,vegetarian,61
Sweet Pizza,continental,vegan,10
Delicious Pasta,italian,vegan,94
Tasty Momos,italian,non-vegetarian,17
Tasty Stew,indian,non-vegetarian,33
Fried Tacos,thai,non-vegetarian,25
Spicy Salad,continental,non-vegetarian,45
Delicious Sushi,italian,vegetarian,36
Sweet Stew,chinese,vegetarian,28
Tasty Momos,french,vegetarian,23
Tasty Biryani,french,vegetarian,100
Tasty Salad,french,vegetarian,43
Delicious Salad,mexican,vegan,14
Spicy Stew,mediterranean,vegetarian,12
Tasty Pasta,japanese,non-vegetarian,95
Fried Soup,chinese,non-vegetarian,68
Delicious Biryani,mexican,vegetarian,60
Fried Salad,italian,non-vegetarian,30
Tasty Salad,continental,non-vegetarian,30
Sweet Biryani,mexican,vegan,56
Spicy Tacos,french,vegetarian,27
Tasty Biryani,mexican,vegan,36
Grilled Sushi,chinese,non-vegetarian,20
Tasty Stew,indian,vegetarian,15
Grilled Rolls,continental,non-vegetarian,91
Tasty Tacos,thai,non-vegetarian,93
Sweet Pasta,indian,non-vegetarian,47
Spicy Rolls,continental,vegan,34
Delicious Pizza,continental,vegetarian,14
Fried Momos,french,vegetarian,56
Fried Tacos,chinese,vegetarian,87
Sweet Rolls,italian,non-vegetarian,17
Delicious Sushi,thai,non-vegetarian,56
Tasty Sushi,thai,non-vegetarian,50
Tasty Biryani,greek,non-vegetarian,19
Tasty Biryani,mediterranean,vegetarian,15
Tasty Salad,japanese,non-vegetarian,18
Delicious Pizza,french,vegetarian,50
Delicious Pasta,french,vegetarian,10
Delicious Momos,mexican,vegan,67
Tasty Salad,french,vegetarian,26
Delicious Salad,chinese,non-vegetarian,38
Tasty Stew,mediterranean,vegetarian,93
Grilled Sushi,french,non-vegetarian,77
Grilled Pasta,indian,vegetarian,65
Sweet Salad,indian,vegetarian,24
Grilled Soup,indian,vegetarian,50
Spicy Sushi,mediterranean,vegan,26
Delicious Rolls,greek,non-vegetarian,54
Grilled Biryani,mexican,non-vegetarian,62
Tasty Pasta,continental,non-vegetarian,37
Delicious Tacos,indian,vegan,36
Tasty Tacos,thai,vegetarian,33
Tasty Sushi,italian,vegan,34
Delicious Pasta,thai,non-vegetarian,41
Fried Tacos,chinese,vegetarian,73
Tasty Salad,greek,non-vegetarian,48
Fried Salad,mexican,vegan,66
Fried Pizza,italian,non-vegetarian,39
Delicious Momos,japanese,vegetarian,31
Delicious Stew,greek,non-vegetarian,34
Delicious Sushi,mexican,non-vegetarian,57
Tasty Biryani,japanese,vegetarian,30
Fried Rolls,mediterranean,non-vegetarian,54
Delicious Rolls,mediterranean,vegetarian,40
Grilled Salad,thai,non-vegetarian,21
Grilled Salad,italian,vegan,21
Sweet Biryani,greek,vegetarian,42
Grilled Sushi,japanese,vegan,88
Grilled Biryani,mexican,non-vegetarian,75
Grilled Momos,french,vegetarian,25
Sweet Salad,continental,vegan,16
Fried Soup,japanese,vegan,45
Spicy Tacos,french,vegetarian,47
Fried Rolls,mediterranean,vegetarian,53
Spicy Tacos,continental,vegetarian,17
Tasty Pizza,italian,non-vegetarian,98
Sweet Soup,japanese,vegan,26
Grilled Momos,indian,vegan,30
Tasty Rolls,greek,non-vegetarian,95
Sweet Pizza,mexican,non-vegetarian,22
Fried Stew,indian,vegetarian,16
Grilled Biryani,continental,vegetarian,14
Spicy Stew,chinese,vegetarian,78
Delicious Rolls,french,non-vegetarian,89
Fried Biryani,thai,vegan,34
Sweet Biryani,french,vegetarian,15
Spicy Stew,greek,non-vegetarian,74
Delicious Salad,greek,non-vegetarian,33
Delicious Rolls,mexican,non-vegetarian,17
Spicy Pasta,mediterranean,vegan,44
Sweet Sushi,indian,vegetarian,31
Delicious Momos,chinese,non-vegetarian,46
Sweet Biryani,thai,non-vegetarian,35
Grilled Soup,greek,non-vegetarian,90
Grilled Pasta,chinese,non-vegetarian,23
Spicy Rolls,thai,vegan,50
Fried Pizza,chinese,vegan,48
Spicy Sushi,mediterranean,vegetarian,24
Fried Sushi,indian,vegetarian,90
Delicious Momos,mediterranean,vegan,25
Spicy Biryani,chinese,non-vegetarian,76
Grilled Momos,japanese,vegan,48
Fried Rolls,mexican,vegan,35
Spicy Pizza,mexican,non-vegetarian,14
Spicy Soup,japanese,non-vegetarian,83
Tasty Salad,continental,non-vegetarian,28
Spicy Salad,greek,non-vegetarian,23
Grilled Sushi,continental,vegetarian,59
Tasty Tacos,japanese,vegetarian,24
Grilled Momos,french,vegan,30
Grilled Soup,mexican,non-vegetarian,28
Spicy Sushi,french,non-vegetarian,30
Fried Sushi,thai,vegetarian,43
Grilled Salad,continental,vegan,46
Delicious Stew,italian,vegan,52
Fried Pizza,chinese,non-vegetarian,54
Tasty Soup,greek,vegetarian,11
Sweet Tacos,chinese,vegan,32
Grilled Tacos,italian,vegan,12
Delicious Sushi,italian,vegetarian,31
Tasty Tacos,continental,vegetarian,99
Sweet Biryani,continental,vegan,34
Delicious Salad,japanese,vegan,21
Fried Pizza,chinese,vegan,43
Sweet Salad,indian,non-vegetarian,39
Fried Rolls,indian,non-vegetarian,43
Delicious Rolls,thai,vegan,16
Sweet Sushi,thai,non-vegetarian,95
Delicious Pasta,italian,vegan,17
Delicious Biryani,thai,vegan,75
Fried Salad,greek,non-vegetarian,68
Sweet Momos,greek,non-vegetarian,67
Sweet Pizza,indian,non-vegetarian,85
Spicy Biryani,indian,vegetarian,42
Grilled Pasta,indian,vegetarian,87
Spicy Rolls,chinese,vegan,41
Tasty Momos,chinese,vegetarian,14
Spicy Stew,french,vegan,37
Fried Pasta,indian,vegetarian,50
Fried Rolls,italian,vegan,66
Sweet Pizza,chinese,vegetarian,98
Spicy Momos,greek,vegetarian,12
Sweet Sushi,mediterranean,vegan,75
Fried Tacos,italian,vegetarian,83
Tasty Salad,japanese,vegetarian,40
Grilled Salad,mediterranean,vegan,14
Delicious Pizza,chinese,vegan,97
Fried Momos,indian,vegan,88
Delicious Tacos,italian,non-vegetarian,47
Fried Sushi,thai,vegan,31
Fried Sushi,chinese,non-vegetarian,82
Delicious Tacos,chinese,vegan,42
Delicious Sushi,chinese,vegetarian,25
Spicy Momos,japanese,non-vegetarian,100
Spicy Salad,italian,non-vegetarian,15
Delicious Tacos,italian,vegetarian,30
Fried Sushi,chinese,non-vegetarian,30
Sweet Rolls,mexican,vegan,67
Delicious Pizza,chinese,non-vegetarian,35
Sweet Pasta,indian,non-vegetarian,14
Tasty Pasta,mexican,vegetarian,36
Delicious Tacos,continental,vegetarian,95
Tasty Salad,continental,vegan,59
Fried Stew,continental,non-vegetarian,25
Tasty Salad,italian,non-vegetarian,92
Fried Tacos,chinese,non-vegetarian,49
Tasty Momos,mediterranean,non-vegetarian,81
Grilled Pizza,japanese,vegan,92
Spicy Rolls,chinese,vegan,56
Spicy Salad,japanese,non-vegetarian,42
Spicy Momos,thai,vegan,94
Grilled Biryani,indian,non-vegetarian,78
Delicious Rolls,mediterranean,non-vegetarian,26
Tasty Pasta,french,vegan,28
Tasty Pizza,mexican,vegetarian,51
Sweet Tacos,chinese,vegetarian,17
Spicy Salad,mediterranean,non-vegetarian,30
Sweet Tacos,mexican,vegan,78
Tasty Momos,chinese,vegan,39
Grilled Pasta,mexican,vegan,49
Fried Pasta,mexican,vegan,64
Sweet Pizza,indian,non-vegetarian,40
