name,cuisine,diet,price,type
Crispy Sushi,indian,vegan,52,main
Spicy Biryani,japanese,vegan,69,mandatory
Grilled Sushi,japanese,non-vegetarian,14,main
Sweet Sushi,american,vegan,71,main
Hot Pizza,american,vegan,97,main
Cold Rolls,indian,vegetarian,93,main
Tasty Ice Cream,american,vegan,52,mandatory
Spicy Sushi,american,vegan,65,main
Fried Sushi,thai,vegetarian,70,main
Crispy Ice Cream,mexican,vegetarian,31,mandatory
Tasty Sushi,thai,vegan,22,main
Sweet Noodles,chinese,non-vegetarian,94,main
Cold Biryani,chinese,vegan,56,mandatory
Tasty Soup,japanese,vegan,53,main
Fried Biryani,french,non-vegetarian,30,main
Tasty Salad,thai,vegan,79,main
Fried Pizza,indian,non-vegetarian,14,main
Spicy Sushi,chinese,vegan,17,main
Sweet Noodles,american,vegetarian,92,main
Crispy Salad,chinese,non-vegetarian,41,main
Fried Pasta,italian,vegan,61,main
Crispy Salad,american,non-vegetarian,68,main
Tasty Noodles,indian,vegan,60,main
Crispy Pasta,italian,vegetarian,28,main
Hot Biryani,american,vegetarian,32,main
Tasty Burger,chinese,vegetarian,61,main
Hot Salad,chinese,non-vegetarian,84,main
Hot Salad,french,non-vegetarian,84,main
Crispy Stew,french,non-vegetarian,57,main
Cold Biryani,japanese,vegetarian,12,main
Crispy Pizza,italian,vegetarian,53,main
Tasty Rolls,italian,vegetarian,13,main
Sweet Soup,thai,vegan,93,main
Spicy Biryani,italian,non-vegetarian,87,main
Sweet Pasta,indian,vegan,94,main
Fried Stew,thai,vegan,54,main
Grilled Sushi,mexican,vegetarian,58,main
Grilled Sushi,mexican,vegetarian,38,main
Spicy Soup,chinese,non-vegetarian,53,main
Sweet Stew,chinese,vegan,30,main
Grilled Stew,chinese,vegetarian,86,main
Crispy Burger,american,vegetarian,82,main
Fried Rolls,thai,vegetarian,35,main
Grilled Pizza,mexican,non-vegetarian,35,main
Sweet Noodles,mexican,non-vegetarian,12,main
Crispy Noodles,mexican,non-vegetarian,80,main
Hot Burger,thai,vegetarian,40,main
Hot Stew,american,non-vegetarian,63,main
Cold Pasta,french,non-vegetarian,84,main
Crispy Burger,indian,vegan,29,main
Spicy Noodles,japanese,non-vegetarian,84,main
Hot Pasta,american,non-vegetarian,68,main
Grilled Ice Cream,italian,non-vegetarian,76,mandatory
Sweet Noodles,french,vegan,92,main
Spicy Ice Cream,indian,vegetarian,24,mandatory
Hot Ice Cream,italian,vegetarian,81,mandatory
Hot Ice Cream,chinese,vegetarian,19,mandatory
Fried Salad,italian,non-vegetarian,60,main
Grilled Ice Cream,japanese,vegan,74,mandatory
Sweet Biryani,thai,vegetarian,77,main
Cold Sushi,thai,vegetarian,46,main
Spicy Biryani,japanese,vegan,11,main
Tasty Burger,italian,non-vegetarian,30,main
Fried Salad,chinese,vegetarian,37,main
Hot Salad,japanese,vegetarian,67,mandatory
Grilled Ice Cream,japanese,vegan,90,mandatory
Cold Biryani,thai,non-vegetarian,100,main
Hot Salad,indian,non-vegetarian,50,main
Grilled Salad,italian,vegetarian,88,main
Crispy Ice Cream,chinese,non-vegetarian,48,mandatory
Tasty Stew,chinese,vegetarian,11,main
Cold Ice Cream,mexican,vegetarian,59,mandatory
Hot Soup,french,non-vegetarian,44,main
Cold Burger,indian,vegetarian,34,mandatory
Spicy Soup,french,vegetarian,45,main
Tasty Rolls,mexican,non-vegetarian,95,main
Cold Ice Cream,chinese,vegan,66,mandatory
Crispy Noodles,chinese,vegan,13,main
Spicy Pasta,chinese,vegan,47,main
Hot Burger,mexican,non-vegetarian,70,main
Hot Soup,thai,vegan,74,main
Grilled Burger,japanese,vegetarian,35,main
Tasty Stew,indian,vegetarian,39,main
Fried Biryani,american,non-vegetarian,98,main
Tasty Pizza,thai,non-vegetarian,21,main
Tasty Stew,chinese,non-vegetarian,65,main
Grilled Salad,french,non-vegetarian,12,main
Sweet Salad,french,non-vegetarian,44,main
Fried Pasta,mexican,vegan,66,main
Grilled Rolls,japanese,non-vegetarian,82,main
Tasty Burger,french,vegetarian,79,main
Spicy Pizza,indian,non-vegetarian,52,main
Spicy Rolls,chinese,non-vegetarian,33,main
Fried Soup,italian,non-vegetarian,78,main
Fried Pasta,mexican,vegan,82,main
Sweet Pasta,mexican,vegetarian,20,main
Grilled Pizza,american,non-vegetarian,45,mandatory
Sweet Pasta,italian,vegan,44,main
Grilled Biryani,thai,non-vegetarian,51,main
Tasty Pizza,american,non-vegetarian,20,main
Fried Rolls,french,non-vegetarian,83,main
Tasty Sushi,chinese,vegan,70,main
Cold Biryani,thai,vegetarian,68,mandatory
Crispy Ice Cream,french,vegan,83,mandatory
Crispy Salad,chinese,vegetarian,22,main
Fried Burger,japanese,non-vegetarian,77,main
Cold Soup,mexican,vegan,42,main
Tasty Ice Cream,indian,vegetarian,72,mandatory
Cold Stew,indian,vegetarian,66,main
Fried Noodles,french,non-vegetarian,54,main
Cold Stew,indian,vegetarian,21,main
Sweet Stew,mexican,non-vegetarian,77,main
Sweet Ice Cream,french,vegetarian,83,mandatory
Grilled Stew,italian,vegan,72,main
Cold Rolls,mexican,non-vegetarian,60,main
Crispy Soup,chinese,vegetarian,28,main
Crispy Stew,indian,vegetarian,48,main
Spicy Burger,american,vegetarian,99,main
Sweet Noodles,indian,vegan,89,main
Grilled Soup,french,vegan,44,main
Crispy Soup,indian,non-vegetarian,12,main
Cold Pasta,indian,vegetarian,40,main
Hot Soup,mexican,non-vegetarian,85,main
Crispy Biryani,japanese,non-vegetarian,28,main
Fried Biryani,french,vegan,98,main
Sweet Biryani,indian,non-vegetarian,50,main
Grilled Burger,french,vegetarian,69,main
Cold Ice Cream,american,vegetarian,15,mandatory
Spicy Noodles,thai,vegan,50,main
Cold Sushi,italian,non-vegetarian,27,main
Cold Ice Cream,indian,vegan,82,mandatory
Crispy Pasta,italian,non-vegetarian,66,main
Grilled Soup,indian,vegetarian,95,main
Tasty Sushi,japanese,non-vegetarian,36,main
Crispy Burger,american,non-vegetarian,86,main
Hot Pizza,mexican,vegetarian,63,main
Cold Rolls,french,vegetarian,92,main
Spicy Biryani,indian,vegan,80,main
Crispy Salad,chinese,vegan,94,main
Cold Pasta,indian,vegetarian,74,main
Fried Ice Cream,thai,vegan,98,mandatory
Sweet Rolls,french,vegetarian,29,main
Hot Noodles,american,non-vegetarian,66,main
Cold Soup,chinese,vegetarian,70,main
Fried Stew,indian,vegetarian,50,main
Cold Salad,indian,vegan,99,main
Fried Noodles,american,non-vegetarian,76,main
Sweet Stew,french,vegetarian,23,main
Fried Pizza,french,non-vegetarian,75,main
Tasty Pasta,mexican,vegetarian,15,main
Sweet Ice Cream,chinese,vegetarian,38,mandatory
Fried Noodles,american,vegan,14,main
Crispy Pasta,mexican,vegan,89,main
Grilled Salad,mexican,vegan,96,main
Spicy Pasta,italian,vegetarian,57,main
Sweet Stew,french,vegan,23,main
Grilled Sushi,american,non-vegetarian,29,main
Tasty Pasta,american,non-vegetarian,31,main
Sweet Stew,italian,vegetarian,24,main
Tasty Noodles,american,vegetarian,37,main
Hot Salad,italian,vegan,35,main
Spicy Soup,american,vegan,72,main
Hot Rolls,american,vegan,90,main
Sweet Pizza,japanese,vegan,99,main
Sweet Sushi,chinese,vegetarian,68,main
Grilled Ice Cream,italian,vegan,32,mandatory
Grilled Stew,thai,non-vegetarian,34,main
Spicy Stew,italian,vegetarian,40,main
Fried Soup,thai,vegan,93,main
Crispy Rolls,thai,vegan,78,main
Sweet Stew,chinese,vegan,85,main
Hot Pizza,japanese,non-vegetarian,74,main
Grilled Rolls,american,vegan,54,main
Spicy Salad,mexican,vegan,32,main
Fried Pasta,thai,non-vegetarian,13,main
Cold Pizza,thai,non-vegetarian,64,main
Hot Pasta,mexican,non-vegetarian,65,main
Tasty Soup,chinese,vegetarian,78,main
Tasty Biryani,chinese,vegetarian,36,main
Grilled Soup,french,vegan,55,main
Sweet Sushi,french,non-vegetarian,68,main
Grilled Stew,japanese,vegetarian,45,main
Crispy Soup,mexican,non-vegetarian,99,main
Fried Pasta,mexican,non-vegetarian,35,main
Spicy Biryani,thai,non-vegetarian,53,main
Grilled Salad,indian,vegetarian,56,main
Crispy Pasta,french,non-vegetarian,16,main
Crispy Sushi,italian,vegetarian,48,main
Hot Pizza,italian,vegan,30,main
Crispy Biryani,french,vegan,98,mandatory
Spicy Rolls,indian,vegan,90,main
Cold Soup,chinese,vegan,91,main
Grilled Soup,chinese,vegetarian,40,main
Sweet Pizza,mexican,non-vegetarian,12,main
Spicy Ice Cream,american,non-vegetarian,74,mandatory
Sweet Burger,mexican,vegetarian,41,main
Tasty Burger,indian,non-vegetarian,14,main
Fried Sushi,american,non-vegetarian,21,main
Grilled Sushi,chinese,non-vegetarian,16,main
Fried Biryani,japanese,vegetarian,98,main
Crispy Stew,italian,vegan,59,main
Tasty Soup,thai,vegan,26,main
Cold Rolls,japanese,non-vegetarian,17,main
Hot Sushi,american,non-vegetarian,96,main
Tasty Biryani,chinese,vegetarian,91,main
Hot Pasta,french,vegan,74,main
Sweet Stew,chinese,vegetarian,38,main
Fried Pizza,mexican,vegetarian,71,main
Cold Pasta,chinese,vegan,10,main
Crispy Salad,japanese,vegetarian,84,main
Tasty Pizza,indian,vegan,50,main
Tasty Pizza,chinese,vegetarian,70,main
Grilled Salad,japanese,non-vegetarian,10,main
Sweet Salad,french,vegetarian,76,main
Cold Biryani,japanese,vegan,28,main
Fried Soup,italian,vegan,50,main
Fried Noodles,mexican,vegetarian,92,main
Spicy Salad,thai,vegetarian,29,main
Cold Soup,mexican,vegetarian,78,main
Grilled Salad,japanese,vegan,14,main
Sweet Sushi,indian,non-vegetarian,52,main
Tasty Noodles,indian,non-vegetarian,88,main
Tasty Rolls,american,vegan,36,main
Grilled Sushi,american,non-vegetarian,42,main
Tasty Pasta,mexican,vegetarian,12,main
Grilled Burger,italian,vegan,44,main
Cold Ice Cream,chinese,vegetarian,67,mandatory
Crispy Salad,american,vegan,90,main
Sweet Stew,italian,vegetarian,84,mandatory
Crispy Sushi,thai,vegetarian,75,main
Cold Pizza,indian,vegan,76,main
Spicy Salad,italian,non-vegetarian,56,main
Tasty Pizza,japanese,vegetarian,100,main
Cold Sushi,indian,non-vegetarian,95,main
Spicy Biryani,chinese,non-vegetarian,64,main
Hot Salad,chinese,vegan,73,main
Grilled Soup,italian,vegan,29,main
Cold Pasta,french,vegetarian,66,main
Spicy Pasta,thai,non-vegetarian,66,main
Spicy Rolls,mexican,non-vegetarian,53,main
Grilled Rolls,indian,vegetarian,33,main
Sweet Noodles,indian,non-vegetarian,76,main
Cold Soup,american,vegan,40,main
Grilled Biryani,mexican,vegan,10,main
Spicy Soup,french,vegetarian,37,main
Tasty Rolls,american,vegetarian,23,main
Spicy Pizza,japanese,vegan,39,main
Cold Pizza,italian,non-vegetarian,30,main
Fried Pasta,italian,vegan,25,mandatory
Spicy Ice Cream,mexican,vegan,76,mandatory
Cold Pizza,thai,non-vegetarian,12,main
Hot Burger,american,vegan,82,main
Spicy Biryani,mexican,non-vegetarian,89,main
Crispy Salad,american,vegetarian,80,main
Crispy Pizza,chinese,vegetarian,29,main
Grilled Soup,chinese,vegetarian,52,main
Crispy Biryani,thai,vegan,38,main
Crispy Salad,french,vegan,26,main
Fried Pasta,italian,vegan,100,main
Grilled Pasta,italian,non-vegetarian,91,main
Tasty Salad,japanese,vegetarian,12,main
Crispy Rolls,thai,vegetarian,42,main
Grilled Ice Cream,chinese,vegetarian,64,mandatory
Spicy Pizza,mexican,vegetarian,79,main
Tasty Noodles,chinese,non-vegetarian,32,main
Crispy Salad,japanese,vegetarian,18,main
Sweet Stew,mexican,vegan,51,main
Fried Biryani,french,non-vegetarian,32,main
Spicy Biryani,indian,vegan,67,main
Fried Pizza,chinese,vegan,64,main
Tasty Salad,indian,vegan,16,main
Hot Burger,japanese,vegan,50,main
Hot Rolls,mexican,vegetarian,26,main
Spicy Stew,mexican,non-vegetarian,55,main
Cold Ice Cream,mexican,vegan,91,mandatory
Hot Stew,american,non-vegetarian,16,main
Sweet Soup,french,vegetarian,48,main
Cold Stew,thai,vegetarian,42,main
Cold Rolls,mexican,vegan,47,main
Spicy Soup,indian,vegetarian,100,main
Fried Pizza,italian,vegetarian,67,main
Fried Noodles,thai,vegan,54,main
Grilled Salad,japanese,non-vegetarian,34,main
Fried Sushi,indian,vegetarian,47,main
Fried Ice Cream,indian,vegetarian,97,mandatory
Sweet Pasta,mexican,vegetarian,59,main
Spicy Noodles,thai,vegan,12,main
Sweet Soup,italian,vegetarian,53,main
Hot Ice Cream,chinese,non-vegetarian,88,mandatory
Sweet Ice Cream,italian,vegetarian,90,mandatory
Crispy Soup,mexican,vegan,10,main
Hot Ice Cream,chinese,non-vegetarian,92,mandatory
Tasty Sushi,japanese,non-vegetarian,45,main
Spicy Sushi,indian,vegan,20,main
Spicy Salad,chinese,non-vegetarian,51,main
Cold Burger,japanese,vegetarian,96,main
Cold Soup,thai,vegan,94,main
Crispy Pizza,indian,non-vegetarian,90,main
Sweet Pizza,mexican,vegan,25,main
Spicy Ice Cream,chinese,non-vegetarian,33,mandatory
Crispy Noodles,italian,vegetarian,90,main
Crispy Pizza,mexican,vegan,41,main
Spicy Ice Cream,italian,non-vegetarian,46,mandatory
Spicy Sushi,mexican,vegan,10,main
Cold Burger,japanese,vegetarian,12,main
Hot Burger,indian,vegetarian,51,main
Tasty Rolls,american,vegan,40,main
Grilled Salad,thai,vegan,73,main
Tasty Pasta,indian,vegan,66,main
Spicy Biryani,indian,non-vegetarian,23,main
Cold Soup,mexican,vegetarian,53,main
Hot Stew,japanese,vegetarian,73,main
Fried Stew,indian,non-vegetarian,30,main
Sweet Pasta,italian,non-vegetarian,86,main
Grilled Ice Cream,italian,non-vegetarian,13,mandatory
Sweet Rolls,mexican,vegetarian,88,main
Crispy Rolls,italian,non-vegetarian,98,main
Spicy Salad,indian,vegetarian,85,main
Spicy Rolls,american,vegetarian,93,main
Fried Soup,mexican,vegetarian,89,main
Sweet Pizza,thai,non-vegetarian,51,main
Grilled Burger,french,non-vegetarian,49,main
Spicy Biryani,japanese,vegetarian,70,main
Fried Pizza,italian,non-vegetarian,99,main
Tasty Burger,japanese,vegetarian,32,main
Tasty Salad,chinese,non-vegetarian,65,mandatory
Tasty Burger,chinese,vegetarian,24,main
Hot Sushi,japanese,non-vegetarian,93,main
Spicy Salad,italian,vegan,92,main
Fried Rolls,indian,vegan,29,mandatory
Tasty Biryani,thai,non-vegetarian,93,main
Crispy Stew,french,vegan,34,main
Cold Sushi,french,non-vegetarian,24,main
Fried Sushi,american,non-vegetarian,77,main
Grilled Salad,chinese,vegetarian,41,main
Cold Ice Cream,french,vegetarian,95,mandatory
Hot Burger,mexican,vegetarian,51,main
Crispy Stew,chinese,vegan,44,main
Crispy Sushi,japanese,non-vegetarian,70,main
Crispy Stew,italian,vegetarian,70,main
Grilled Pasta,chinese,vegan,24,main
Hot Pasta,chinese,non-vegetarian,28,main
Cold Soup,american,vegetarian,81,main
Tasty Rolls,chinese,vegetarian,33,main
Hot Sushi,mexican,vegan,22,main
Grilled Salad,italian,vegan,56,main
Tasty Soup,thai,vegan,26,main
Spicy Sushi,japanese,non-vegetarian,80,main
Fried Rolls,indian,vegetarian,61,main
Tasty Noodles,thai,non-vegetarian,73,main
Hot Ice Cream,chinese,vegetarian,37,mandatory
Tasty Soup,mexican,vegan,88,main
Crispy Sushi,thai,vegan,13,main
Grilled Ice Cream,chinese,vegetarian,37,mandatory
Cold Noodles,japanese,vegan,98,main
Grilled Biryani,mexican,non-vegetarian,87,main
Hot Biryani,italian,vegan,72,main
Fried Stew,indian,vegetarian,37,mandatory
Hot Biryani,chinese,vegetarian,51,mandatory
Spicy Ice Cream,chinese,vegan,53,mandatory
Spicy Burger,indian,non-vegetarian,35,main
Crispy Ice Cream,french,vegetarian,46,mandatory
Cold Sushi,mexican,vegetarian,36,main
Grilled Noodles,japanese,non-vegetarian,72,main
Spicy Soup,italian,non-vegetarian,16,mandatory
Fried Pasta,french,vegetarian,95,main
Fried Pasta,chinese,non-vegetarian,49,main
Crispy Burger,mexican,vegetarian,90,main
Fried Salad,thai,vegan,62,main
Tasty Pasta,thai,vegan,73,main
Fried Noodles,japanese,vegetarian,73,main
Fried Soup,italian,vegan,23,main
Sweet Ice Cream,french,vegan,26,mandatory
Crispy Pizza,chinese,vegetarian,12,mandatory
Spicy Salad,indian,vegan,77,main
Fried Ice Cream,indian,vegan,69,mandatory
Grilled Rolls,japanese,vegetarian,37,main
Fried Pasta,french,vegetarian,69,main
Spicy Soup,american,vegetarian,45,main
Fried Rolls,indian,vegan,76,main
Spicy Sushi,french,non-vegetarian,40,main
Grilled Biryani,mexican,vegan,94,main
Hot Biryani,japanese,non-vegetarian,24,main
Fried Pizza,japanese,non-vegetarian,23,main
Sweet Stew,indian,vegetarian,26,mandatory
Tasty Soup,italian,non-vegetarian,94,main
Fried Pizza,chinese,vegan,79,main
Sweet Stew,french,vegan,49,main
Spicy Salad,chinese,non-vegetarian,23,main
Sweet Pizza,mexican,vegetarian,63,main
Grilled Burger,italian,vegetarian,47,main
Crispy Soup,chinese,vegan,84,main
Hot Biryani,italian,non-vegetarian,17,main
Tasty Noodles,japanese,vegetarian,54,main
Fried Stew,mexican,vegetarian,52,main
Spicy Salad,japanese,vegan,24,mandatory
Cold Noodles,thai,vegan,28,main
Spicy Ice Cream,japanese,non-vegetarian,44,mandatory
Hot Burger,mexican,non-vegetarian,83,main
Grilled Ice Cream,mexican,vegetarian,77,mandatory
Grilled Soup,french,vegan,24,main
Hot Burger,french,vegan,20,main
Crispy Pasta,thai,non-vegetarian,87,main
Fried Soup,chinese,vegetarian,32,main
Fried Sushi,chinese,vegan,81,main
Crispy Salad,italian,vegetarian,86,main
Crispy Sushi,french,vegan,54,main
Spicy Soup,japanese,vegetarian,18,main
Cold Biryani,indian,vegetarian,22,main
Sweet Noodles,american,vegetarian,32,main
Hot Biryani,chinese,non-vegetarian,28,main
Fried Rolls,french,vegan,60,mandatory
Tasty Salad,thai,vegan,33,main
Fried Salad,thai,non-vegetarian,58,main
Cold Salad,italian,non-vegetarian,11,main
Hot Ice Cream,japanese,vegan,50,mandatory
Sweet Salad,mexican,non-vegetarian,12,main
Hot Pasta,american,vegetarian,69,main
Fried Rolls,japanese,vegan,20,main
Spicy Ice Cream,italian,non-vegetarian,25,mandatory
Grilled Burger,american,vegan,31,main
Fried Pizza,thai,vegetarian,56,main
Hot Sushi,thai,vegetarian,93,main
Hot Salad,italian,vegetarian,31,main
Spicy Pizza,thai,vegetarian,87,main
Grilled Burger,french,vegan,22,main
Hot Pasta,french,vegan,42,main
Cold Salad,chinese,vegetarian,50,main
Grilled Pizza,french,vegetarian,12,main
Grilled Burger,indian,non-vegetarian,70,main
Cold Sushi,chinese,vegetarian,13,main
Grilled Stew,american,non-vegetarian,18,main
Cold Rolls,japanese,non-vegetarian,23,main
Hot Pasta,american,non-vegetarian,86,main
Spicy Sushi,japanese,vegan,83,main
Sweet Salad,indian,non-vegetarian,88,main
Tasty Sushi,french,non-vegetarian,64,mandatory
Spicy Salad,american,non-vegetarian,54,main
Tasty Burger,japanese,vegan,25,main
Sweet Sushi,american,vegan,81,main
Grilled Sushi,thai,vegan,86,mandatory
Sweet Ice Cream,american,non-vegetarian,23,mandatory
Cold Ice Cream,chinese,non-vegetarian,45,mandatory
Cold Pasta,thai,vegetarian,70,main
Hot Rolls,chinese,non-vegetarian,61,main
Hot Pizza,american,vegetarian,97,main
Sweet Soup,mexican,vegetarian,80,main
Tasty Ice Cream,italian,vegetarian,39,mandatory
Hot Pasta,japanese,non-vegetarian,41,main
Cold Burger,american,vegetarian,12,main
Tasty Ice Cream,french,non-vegetarian,32,mandatory
Spicy Sushi,japanese,vegetarian,75,main
Grilled Stew,mexican,vegan,43,main
Cold Rolls,chinese,vegetarian,51,main
Grilled Noodles,chinese,vegan,21,main
Cold Sushi,italian,vegan,60,main
Sweet Biryani,indian,vegan,57,main
Sweet Burger,american,non-vegetarian,42,main
Tasty Pizza,american,vegetarian,46,main
Spicy Rolls,mexican,vegan,60,main
Sweet Rolls,italian,vegan,81,main
Spicy Burger,japanese,non-vegetarian,43,main
Cold Pizza,american,vegan,36,main
Crispy Salad,mexican,non-vegetarian,55,main
Crispy Salad,french,non-vegetarian,83,main
Fried Pizza,italian,vegetarian,63,mandatory
Crispy Rolls,italian,non-vegetarian,11,main
Tasty Noodles,thai,vegetarian,81,main
Sweet Stew,chinese,vegan,74,main
Spicy Soup,japanese,vegetarian,70,main
Sweet Pasta,indian,vegetarian,83,mandatory
Spicy Salad,american,vegetarian,62,main
Hot Rolls,indian,vegan,30,main
Spicy Burger,chinese,vegetarian,15,main
Cold Stew,french,vegan,93,main
Fried Sushi,indian,non-vegetarian,99,main
Hot Burger,chinese,vegetarian,32,main
Tasty Noodles,mexican,non-vegetarian,54,main
Hot Biryani,american,vegetarian,58,main
Spicy Burger,french,vegan,91,main
Grilled Biryani,french,vegan,52,main
Fried Ice Cream,thai,vegan,97,mandatory
Spicy Ice Cream,chinese,vegan,60,mandatory
Fried Rolls,indian,vegetarian,36,main
Crispy Sushi,french,non-vegetarian,97,main
Spicy Salad,mexican,vegetarian,75,main
Spicy Rolls,indian,vegetarian,51,main
Fried Soup,chinese,non-vegetarian,74,main
Spicy Rolls,italian,vegetarian,31,main
Crispy Biryani,french,vegan,89,mandatory
Cold Soup,japanese,vegan,12,main
Crispy Burger,mexican,vegetarian,40,main
Hot Ice Cream,italian,vegan,100,mandatory
Spicy Burger,american,vegetarian,39,main
Crispy Rolls,french,vegetarian,64,main
Spicy Stew,french,non-vegetarian,68,main
Cold Salad,thai,vegan,23,main
Hot Pasta,thai,vegan,99,main
Spicy Pizza,indian,non-vegetarian,56,main
Grilled Sushi,chinese,non-vegetarian,34,main
Sweet Pasta,mexican,vegetarian,14,main
Cold Ice Cream,french,vegetarian,96,mandatory
Cold Salad,thai,vegetarian,73,main
Cold Stew,american,vegan,83,main
Tasty Noodles,italian,vegetarian,35,main
Hot Rolls,mexican,vegetarian,58,mandatory
Sweet Rolls,chinese,vegan,47,main
Tasty Pasta,japanese,non-vegetarian,17,main
Hot Noodles,mexican,non-vegetarian,64,main
Tasty Ice Cream,japanese,non-vegetarian,15,mandatory
Tasty Noodles,thai,vegan,62,main
Grilled Sushi,chinese,vegan,39,main
Grilled Noodles,french,vegan,83,main
Cold Sushi,indian,non-vegetarian,65,main
Spicy Biryani,american,vegetarian,29,mandatory
Sweet Sushi,thai,vegetarian,92,main
Cold Pizza,chinese,non-vegetarian,30,main
Cold Noodles,french,vegetarian,22,main
Fried Stew,japanese,vegetarian,29,main
Sweet Biryani,indian,vegan,46,main
Hot Rolls,chinese,vegetarian,22,main
Cold Biryani,japanese,vegan,36,main
Fried Rolls,italian,non-vegetarian,86,main
Crispy Salad,american,non-vegetarian,20,main
Spicy Biryani,japanese,vegan,59,main
Sweet Burger,chinese,vegan,30,main
Cold Biryani,indian,vegan,91,main
Hot Pasta,indian,non-vegetarian,94,main
Cold Sushi,indian,vegan,15,main
Hot Sushi,french,vegan,16,mandatory
Spicy Biryani,japanese,non-vegetarian,41,main
Crispy Ice Cream,chinese,non-vegetarian,66,mandatory
Hot Stew,japanese,vegetarian,18,main
Sweet Pasta,indian,vegan,73,main
Spicy Stew,chinese,vegetarian,18,main
Grilled Stew,thai,vegetarian,87,main
Fried Ice Cream,italian,vegan,15,mandatory
Sweet Sushi,french,vegetarian,80,main
Hot Pizza,japanese,non-vegetarian,54,mandatory
Spicy Pasta,chinese,vegetarian,25,main
Sweet Burger,chinese,vegetarian,75,mandatory
Hot Biryani,mexican,non-vegetarian,21,main
Cold Noodles,italian,vegetarian,20,main
Tasty Noodles,french,non-vegetarian,14,main
Cold Pasta,italian,vegan,96,mandatory
Spicy Biryani,japanese,non-vegetarian,63,main
Sweet Rolls,chinese,non-vegetarian,66,main
Hot Biryani,mexican,vegan,52,main
Crispy Ice Cream,indian,non-vegetarian,70,mandatory
Grilled Noodles,french,non-vegetarian,91,main
Sweet Soup,italian,vegetarian,25,main
Sweet Pizza,italian,vegetarian,78,main
Sweet Pizza,american,vegan,61,main
Fried Stew,french,non-vegetarian,89,main
Hot Stew,japanese,vegetarian,15,main
Crispy Noodles,indian,vegetarian,85,main
Crispy Soup,indian,vegan,68,main
Tasty Pasta,french,vegan,38,main
Hot Sushi,french,vegetarian,96,main
Hot Stew,japanese,vegan,16,main
Hot Salad,chinese,vegetarian,15,main
Hot Soup,japanese,vegan,60,main
Spicy Soup,french,vegetarian,54,main
Sweet Pasta,japanese,vegan,37,main
Sweet Pasta,mexican,vegetarian,82,main
Spicy Salad,indian,non-vegetarian,63,main
Hot Burger,indian,vegetarian,62,main
Tasty Soup,thai,vegan,65,main
Grilled Rolls,french,non-vegetarian,62,main
Hot Soup,italian,non-vegetarian,19,main
Grilled Sushi,indian,non-vegetarian,43,mandatory
Fried Salad,thai,non-vegetarian,66,main
Spicy Burger,chinese,non-vegetarian,39,main
Cold Salad,chinese,vegetarian,80,main
Fried Ice Cream,french,vegetarian,54,mandatory
Hot Noodles,italian,non-vegetarian,87,mandatory
Grilled Pasta,japanese,non-vegetarian,90,main
Crispy Burger,italian,vegetarian,32,main
Sweet Noodles,chinese,vegetarian,24,main
Grilled Burger,chinese,non-vegetarian,27,main
Hot Burger,indian,non-vegetarian,13,main
Sweet Noodles,thai,vegan,14,main
Spicy Salad,mexican,non-vegetarian,72,main
Tasty Burger,thai,vegetarian,66,main
Grilled Stew,chinese,vegetarian,33,main
Fried Salad,italian,vegan,75,main
Tasty Stew,french,non-vegetarian,96,main
Spicy Pizza,mexican,vegan,14,main
Hot Noodles,japanese,vegetarian,99,main
Grilled Pasta,mexican,vegan,90,mandatory
Cold Noodles,chinese,vegetarian,25,main
Spicy Rolls,japanese,vegetarian,15,main
Tasty Burger,mexican,vegetarian,14,main
Grilled Pasta,american,vegetarian,87,main
Cold Pizza,french,vegetarian,49,mandatory
Spicy Stew,american,vegetarian,48,main
Fried Salad,mexican,vegetarian,85,main
Tasty Stew,indian,vegetarian,36,main
Tasty Sushi,mexican,vegan,74,main
Spicy Soup,mexican,vegetarian,40,main
Crispy Salad,thai,vegetarian,19,main
Spicy Ice Cream,indian,vegan,28,mandatory
Tasty Sushi,chinese,non-vegetarian,34,main
Spicy Burger,american,non-vegetarian,77,main
Crispy Stew,french,non-vegetarian,64,main
Crispy Stew,thai,non-vegetarian,58,main
Fried Salad,japanese,non-vegetarian,86,main
Tasty Ice Cream,american,non-vegetarian,41,mandatory
Sweet Ice Cream,italian,non-vegetarian,41,mandatory
Cold Pizza,mexican,vegetarian,98,main
Crispy Burger,american,non-vegetarian,16,main
Sweet Biryani,thai,non-vegetarian,91,main
Hot Sushi,japanese,non-vegetarian,64,main
Tasty Soup,indian,vegan,69,main
Grilled Stew,american,vegetarian,99,main
Grilled Stew,french,non-vegetarian,19,main
Spicy Ice Cream,thai,vegan,83,mandatory
Grilled Rolls,french,non-vegetarian,73,main
Sweet Sushi,japanese,vegan,67,main
Hot Ice Cream,french,vegan,51,mandatory
Hot Salad,indian,non-vegetarian,37,main
Sweet Salad,american,vegetarian,62,main
Sweet Soup,mexican,vegan,97,main
Fried Pasta,japanese,vegan,27,main
Sweet Pasta,indian,vegetarian,100,main
Hot Pasta,italian,non-vegetarian,61,main
Crispy Soup,mexican,vegetarian,71,main
Fried Ice Cream,japanese,vegetarian,31,mandatory
Cold Soup,italian,vegetarian,50,main
Grilled Burger,american,vegetarian,59,mandatory
Tasty Salad,mexican,vegan,91,main
Crispy Biryani,american,vegan,70,main
Crispy Pasta,indian,vegan,52,mandatory
Hot Sushi,thai,vegan,17,main
Tasty Soup,italian,non-vegetarian,87,main
Spicy Stew,mexican,vegan,46,main
Tasty Salad,french,vegan,31,main
Tasty Stew,french,vegan,95,main
Grilled Pizza,italian,vegetarian,75,main
Spicy Noodles,american,vegan,41,main
Hot Burger,french,vegan,25,main
Cold Ice Cream,american,vegan,19,mandatory
Fried Noodles,japanese,non-vegetarian,43,main
Grilled Pizza,french,vegetarian,64,main
Cold Ice Cream,japanese,vegetarian,48,mandatory
Fried Pasta,thai,non-vegetarian,95,main
Fried Biryani,japanese,vegetarian,75,main
Sweet Rolls,italian,non-vegetarian,49,main
Crispy Biryani,chinese,vegan,71,mandatory
Spicy Sushi,french,non-vegetarian,95,main
Fried Biryani,japanese,vegan,48,main
Cold Stew,american,non-vegetarian,83,main
Cold Biryani,thai,non-vegetarian,42,main
Tasty Noodles,american,vegetarian,24,main
Sweet Stew,american,non-vegetarian,71,main
Sweet Burger,american,non-vegetarian,55,main
Fried Rolls,japanese,vegetarian,11,main
Sweet Soup,mexican,vegetarian,20,main
Spicy Stew,american,vegetarian,92,main
Hot Burger,american,non-vegetarian,17,mandatory
Grilled Ice Cream,american,non-vegetarian,79,mandatory
Fried Sushi,indian,non-vegetarian,11,main
Crispy Salad,american,vegetarian,17,main
Grilled Salad,chinese,non-vegetarian,10,main
Tasty Salad,american,non-vegetarian,12,main
Spicy Ice Cream,italian,vegetarian,60,mandatory
Sweet Pizza,chinese,vegetarian,35,main
Spicy Ice Cream,italian,vegetarian,92,mandatory
Cold Pizza,american,non-vegetarian,63,main
Fried Stew,thai,non-vegetarian,75,main
Fried Pizza,japanese,vegan,41,main
Spicy Ice Cream,indian,non-vegetarian,24,mandatory
Grilled Stew,french,non-vegetarian,22,main
Fried Sushi,indian,vegan,74,main
Crispy Stew,french,vegetarian,39,main
Tasty Burger,american,vegan,40,main
Hot Stew,mexican,non-vegetarian,61,main
Crispy Biryani,mexican,vegetarian,59,main
Cold Noodles,chinese,non-vegetarian,94,main
Tasty Salad,mexican,non-vegetarian,34,main
Grilled Ice Cream,chinese,non-vegetarian,33,mandatory
Hot Ice Cream,mexican,vegan,27,mandatory
Hot Salad,chinese,non-vegetarian,24,main
Spicy Rolls,american,vegan,52,main
Crispy Pasta,italian,non-vegetarian,75,main
Spicy Biryani,indian,non-vegetarian,74,main
Hot Salad,mexican,vegetarian,98,main
Grilled Ice Cream,chinese,vegetarian,75,mandatory
Hot Rolls,american,vegetarian,25,main
Crispy Biryani,american,vegetarian,18,main
Fried Biryani,italian,vegetarian,33,main
Crispy Pasta,italian,non-vegetarian,32,main
Spicy Rolls,american,non-vegetarian,33,main
Sweet Noodles,italian,vegan,68,main
Crispy Noodles,mexican,non-vegetarian,93,main
Sweet Sushi,french,non-vegetarian,70,main
Grilled Burger,french,non-vegetarian,80,main
Crispy Stew,french,non-vegetarian,90,main
Hot Ice Cream,indian,non-vegetarian,30,mandatory
Fried Noodles,chinese,vegetarian,57,main
