dish_name,cuisine,dietary_preference,event_type,expensive_level,price,ingredients
Butter Chicken,Indian,Non-Vegetarian,Wedding,Premium,350,chicken;butter;tomatoes;cream;spices
Paneer Tikka,Indian,Vegetarian,Small Gathering,Standard,250,paneer;capsicum;onion;yogurt;spices
Vegan Pad Thai,Thai,Vegan,Birthday,Standard,280,rice noodles;tofu;peanuts;vegetables;tamarind sauce
Gluten-Free Pizza,Italian,Gluten-Free,House Warming,Standard,320,gluten-free flour;cheese;tomato sauce;vegetables
Vegetarian Lasagna,Italian,Vegetarian,House Warming,Standard,320,pasta sheets;cheese;tomato sauce;vegetables
Vegan Korean Bibimbap,Korean,Vegan,Anniversary,Standard,280,rice;vegetables;tofu;gochujang
Vegetarian Sushi,Japanese,Vegetarian,Anniversary,Premium,380,rice;seaweed;vegetables;soy sauce
Tacos,Mexican,Non-Vegetarian,Birthday,Standard,220,tortilla;beef;lettuce;cheese;salsa
Falafel Wrap,Mediterranean,Vegan,Small Gathering,Standard,200,wrap;falafel;lettuce;tomato;hummus
Chicken Shawarma,Middle Eastern,Non-Vegetarian,Wedding,Premium,350,chicken;spices;wrap;garlic sauce;pickles
Vegetarian Burrito,Mexican,Vegetarian,House Warming,Standard,210,wrap;beans;rice;cheese;vegetables
Vegan Buddha Bowl,International,Vegan,Small Gathering,Standard,230,quinoa;chickpeas;avocado;spinach;carrots
Egg Fried Rice,Chinese,Non-Vegetarian,Funeral,Basic,160,rice;egg;soy sauce;vegetables
Vegan Moussaka,Greek,Vegan,Wedding,Premium,370,eggplant;potato;tomato;lentils;olive oil
Chicken Caesar Salad,American,Non-Vegetarian,Small Gathering,Standard,240,lettuce;chicken;croutons;parmesan;caesar dressing
Vegetarian Paella,Spanish,Vegetarian,Anniversary,Premium,340,rice;bell pepper;peas;tomato;saffron
Vegan Chili,Mexican,Vegan,Funeral,Basic,170,beans;tomato;corn;onion;spices
Nut-Free Lemon Tart,French,Nut-Free,Wedding,Premium,360,flour;lemon;eggs;sugar;butter
Vegan Pho,Vietnamese,Vegan,Anniversary,Standard,250,rice noodles;tofu;vegetables;herbs
Chicken Tagine,Moroccan,Non-Vegetarian,House Warming,Premium,370,chicken;apricots;almonds;spices;onion
Vegetarian Sushi Roll,Japanese,Vegetarian,Small Gathering,Standard,230,rice;seaweed;cucumber;avocado;carrot
Vegan Jollof Rice,African,Vegan,Wedding,Standard,260,rice;tomato;onion;bell pepper;spices
Nut-Free Apple Pie,American,Nut-Free,Anniversary,Basic,160,flour;apples;sugar;butter;cinnamon
Gluten-Free Dosa,Indian,Gluten-Free,House Warming,Standard,210,gluten-free flour;rice;lentils;oil
Vegan Ratatouille,French,Vegan,Small Gathering,Standard,220,eggplant;zucchini;tomato;bell pepper;herbs
Chicken Enchiladas,Mexican,Non-Vegetarian,Birthday,Premium,340,tortilla;chicken;cheese;salsa;beans
Vegetarian Bibimbap,Korean,Vegetarian,Anniversary,Standard,250,rice;vegetables;egg;gochujang
Vegan Falooda,Indian,Vegan,Wedding,Premium,320,vermicelli;rose syrup;almond milk;chia seeds;fruits
Nut-Free Banana Bread,American,Nut-Free,Small Gathering,Basic,140,flour;banana;sugar;eggs;butter
Gluten-Free Spring Rolls,Chinese,Gluten-Free,Funeral,Standard,200,gluten-free wrapper;vegetables;soy sauce
Vegan Couscous,Moroccan,Vegan,Anniversary,Standard,230,couscous;chickpeas;vegetables;spices
Vegetarian Pizza,Italian,Vegetarian,Birthday,Standard,260,pizza base;cheese;tomato sauce;vegetables
Chicken Souvlaki,Greek,Non-Vegetarian,House Warming,Premium,350,chicken;lemon;herbs;olive oil;skewers
Fish Tacos,Mexican,Non-Vegetarian,Small Gathering,Standard,240,tortilla;fish;cabbage;lime;salsa
Vegan Goulash,Hungarian,Vegan,Funeral,Basic,180,potato;carrot;tomato;paprika;onion
Vegetarian Tagine,Moroccan,Vegetarian,Anniversary,Premium,330,eggplant;zucchini;chickpeas;apricots;spices
Chicken Satay,Thai,Non-Vegetarian,Birthday,Premium,340,chicken;peanut sauce;skewers;cucumber
Gluten-Free Falafel,Mediterranean,Gluten-Free,Wedding,Standard,210,gluten-free flour;chickpeas;herbs;spices
Nut-Free Carrot Cake,American,Nut-Free,House Warming,Basic,150,flour;carrot;sugar;eggs;butter
Vegan Tabbouleh,Lebanese,Vegan,Anniversary,Standard,200,bulgur;parsley;tomato;lemon;olive oil
Vegetarian Quesadilla,Mexican,Vegetarian,Small Gathering,Standard,220,tortilla;cheese;beans;vegetables
Chicken Biryani,Indian,Non-Vegetarian,Wedding,Premium,370,rice;chicken;spices;onion;herbs
Vegan Tom Yum Soup,Thai,Vegan,Funeral,Basic,170,lemongrass;tofu;vegetables;lime;chili
Vegetarian Moussaka,Greek,Vegetarian,Anniversary,Premium,340,eggplant;potato;cheese;tomato;herbs
Nut-Free Rice Pudding,Indian,Nut-Free,Birthday,Basic,130,rice;milk;sugar;cardamom
Gluten-Free Burrito,Mexican,Gluten-Free,House Warming,Standard,210,gluten-free wrap;beans;rice;vegetables
Vegan Chana Masala,Indian,Vegan,Small Gathering,Standard,230,chickpeas;tomato;onion;spices
Vegetarian Pho,Vietnamese,Vegetarian,Anniversary,Standard,250,rice noodles;vegetables;herbs;tofu
Chicken Fajitas,Mexican,Non-Vegetarian,Birthday,Premium,340,chicken;bell pepper;onion;tortilla;spices
Vegan Lentil Burger,American,Vegan,Wedding,Standard,220,lentils;lettuce;tomato;vegan bun
Nut-Free Scones,British,Nut-Free,Small Gathering,Basic,140,flour;butter;sugar;milk
Gluten-Free Gnocchi,Italian,Gluten-Free,Anniversary,Standard,230,gluten-free flour;potato;egg;herbs
Vegetarian Tteokbokki,Korean,Vegetarian,Funeral,Standard,210,sticky rice cakes;gochujang;vegetables
Vegan Burrito Bowl,Mexican,Vegan,House Warming,Standard,230,rice;beans;corn;avocado;lettuce
Chicken Katsu,Japanese,Non-Vegetarian,Small Gathering,Premium,350,chicken;breadcrumbs;egg;rice;tonkatsu sauce
Vegetarian Frittata,Italian,Vegetarian,Birthday,Standard,220,egg;cheese;vegetables;herbs
Vegan Borscht,Russian,Vegan,Funeral,Basic,170,beetroot;potato;carrot;onion;dill
Nut-Free Bread Pudding,American,Nut-Free,Anniversary,Basic,150,bread;milk;sugar;eggs;raisins
Gluten-Free Tabbouleh,Lebanese,Gluten-Free,Wedding,Standard,210,gluten-free bulgur;parsley;tomato;lemon
Vegetarian Enchiladas,Mexican,Vegetarian,Small Gathering,Standard,220,tortilla;cheese;beans;enchilada sauce
Vegan Laksa,Malaysian,Vegan,Anniversary,Standard,250,rice noodles;tofu;coconut milk;spices
Chicken Jollof,African,Non-Vegetarian,Wedding,Premium,370,rice;chicken;tomato;spices;onion
Vegetarian Samosa,Indian,Vegetarian,Birthday,Standard,200,flour;potato;peas;spices
Vegan Shepherd's Pie,British,Vegan,Funeral,Basic,180,potato;lentils;carrot;peas;onion
Chicken Alfredo,Italian,Non-Vegetarian,Anniversary,Premium,360,pasta;chicken;cream;parmesan;garlic
Vegetarian Tacos,Mexican,Vegetarian,Small Gathering,Standard,220,tortilla;beans;lettuce;cheese;tomato
Gluten-Free Pizza Margherita,Italian,Gluten-Free,Birthday,Standard,230,gluten-free flour;cheese;tomato sauce;basil
Nut-Free Chocolate Muffin,American,Nut-Free,House Warming,Basic,140,flour;cocoa powder;sugar;eggs;butter
Vegan Sushi,Japanese,Vegan,Anniversary,Standard,250,rice;seaweed;cucumber;avocado;carrot
Vegetarian Pad See Ew,Thai,Vegetarian,Wedding,Standard,240,flat noodles;egg;vegetables;soy sauce
Chicken Tikka Masala,Indian,Non-Vegetarian,Birthday,Premium,370,chicken;tomato;cream;spices;onion
Vegan Burrito,Mexican,Vegan,Small Gathering,Standard,230,wrap;beans;rice;avocado;lettuce
Vegetarian Gado-Gado,Indonesian,Vegetarian,Anniversary,Standard,220,vegetables;tofu;egg;peanut sauce
Nut-Free Rice Kheer,Indian,Nut-Free,Funeral,Basic,130,rice;milk;sugar;cardamom
Gluten-Free Veggie Burger,American,Gluten-Free,House Warming,Standard,210,gluten-free bun;vegetable patty;lettuce;tomato
Vegan Minestrone,Italian,Vegan,Small Gathering,Standard,220,beans;vegetables;tomato;herbs
Vegetarian Empanada,Spanish,Vegetarian,Anniversary,Standard,210,flour;potato;peas;spices
Chicken Pho,Vietnamese,Non-Vegetarian,Wedding,Premium,350,rice noodles;chicken;herbs;onion
Vegan Shakshuka,Middle Eastern,Vegan,Birthday,Standard,230,tomato;bell pepper;onion;spices
Vegetarian Laksa,Malaysian,Vegetarian,Small Gathering,Standard,240,rice noodles;tofu;coconut milk;spices
Nut-Free Vanilla Cupcake,American,Nut-Free,Anniversary,Basic,140,flour;sugar;eggs;butter;vanilla
Gluten-Free Veggie Wrap,International,Gluten-Free,Funeral,Standard,200,gluten-free wrap;lettuce;tomato;cheese
Vegan Tofu Stir Fry,Chinese,Vegan,House Warming,Standard,220,tofu;vegetables;soy sauce;ginger
Vegetarian Risotto,Italian,Vegetarian,Anniversary,Premium,330,arborio rice;cheese;vegetables;herbs
Chicken Quesadilla,Mexican,Non-Vegetarian,Birthday,Premium,340,tortilla;chicken;cheese;vegetables
Vegan Dal Tadka,Indian,Vegan,Small Gathering,Standard,230,lentils;tomato;onion;spices
Vegetarian Borscht,Russian,Vegetarian,Funeral,Standard,210,beetroot;potato;carrot;onion;dill
Nut-Free Apple Muffin,American,Nut-Free,House Warming,Basic,140,flour;apple;sugar;eggs;butter
Gluten-Free Veggie Pizza,Italian,Gluten-Free,Birthday,Standard,230,gluten-free flour;cheese;tomato sauce;vegetables
Vegan Fajitas,Mexican,Vegan,Anniversary,Standard,230,tortilla;beans;bell pepper;onion;spices
Vegetarian Udon,Japanese,Vegetarian,Wedding,Standard,240,udon noodles;vegetables;soy sauce
Chicken Fried Rice,Chinese,Non-Vegetarian,Small Gathering,Premium,320,rice;chicken;egg;vegetables;soy sauce
Vegan Greek Salad,Greek,Vegan,Funeral,Basic,170,lettuce;tomato;cucumber;olives;olive oil
Masala Dosa,Indian,Vegetarian,Birthday,Standard,210,fermented rice batter;potato;onion;spices;ghee
Chicken Chettinad,Indian,Non-Vegetarian,Wedding,Premium,370,chicken;coconut;chettinad spices;onion;tomato
Vegan Baingan Bharta,Indian,Vegan,Funeral,Basic,180,eggplant;tomato;onion;spices;oil
Paneer Butter Masala,Indian,Vegetarian,Anniversary,Premium,340,paneer;butter;tomato;cream;spices
Gluten-Free Idli,Indian,Gluten-Free,Small Gathering,Standard,200,gluten-free rice;urad dal;oil
Nut-Free Rasgulla,Indian,Nut-Free,House Warming,Basic,140,milk;lemon juice;sugar;rose water
Vegan Rajma,Indian,Vegan,Anniversary,Standard,220,kidney beans;tomato;onion;spices
Vegetarian Pulao,Indian,Vegetarian,Wedding,Standard,230,rice;vegetables;spices;ghee
Chicken 65,Indian,Non-Vegetarian,Birthday,Premium,350,chicken;spices;curd;curry leaves
Vegan Tofu Curry,Indian,Vegan,Small Gathering,Standard,220,tofu;tomato;onion;spices
Vegetarian Dhokla,Indian,Vegetarian,Anniversary,Standard,210,gram flour;curd;spices;lemon juice
Nut-Free Jalebi,Indian,Nut-Free,Wedding,Basic,150,flour;curd;sugar;saffron
Gluten-Free Upma,Indian,Gluten-Free,Funeral,Standard,200,gluten-free semolina;vegetables;spices
Vegan Chole,Indian,Vegan,House Warming,Standard,220,chickpeas;tomato;onion;spices
Vegetarian Malai Kofta,Indian,Vegetarian,Anniversary,Premium,340,potato;paneer;cream;spices
Chicken Korma,Indian,Non-Vegetarian,Wedding,Premium,370,chicken;cream;cashew;spices
Vegan Vegetable Biryani,Indian,Vegan,Birthday,Standard,230,rice;vegetables;spices;oil
Nut-Free Kheer,Indian,Nut-Free,Small Gathering,Basic,140,rice;milk;sugar;cardamom
Vegetarian Sambar,Indian,Vegetarian,Funeral,Standard,200,lentils;vegetables;spices;tamarind
Vegan Palak Tofu,Indian,Vegan,Anniversary,Standard,220,spinach;tofu;spices;onion;tomato
Chicken Tandoori,Indian,Non-Vegetarian,House Warming,Premium,350,chicken;yogurt;spices;lemon
Vegetarian Bhindi Masala,Indian,Vegetarian,Wedding,Standard,210,okra;onion;tomato;spices
Vegan Dal Makhani,Indian,Vegan,Anniversary,Standard,220,black lentils;red kidney beans;spices;oil
Nut-Free Ladoo,Indian,Nut-Free,Birthday,Basic,140,gram flour;ghee;sugar;cardamom
Gluten-Free Poha,Indian,Gluten-Free,Small Gathering,Standard,200,flattened rice;vegetables;spices
Vegetarian Pav Bhaji,Indian,Vegetarian,Anniversary,Standard,230,vegetables;potato;spices;butter
Vegan Aloo Gobi,Indian,Vegan,Funeral,Basic,180,potato;cauliflower;spices;tomato
Chicken Curry,Indian,Non-Vegetarian,Wedding,Premium,370,chicken;onion;tomato;spices;oil
Vegetarian Hara Bhara Kabab,Indian,Vegetarian,Small Gathering,Standard,210,spinach;peas;potato;spices
Vegan Tostada,Mexican,Vegan,Birthday,Standard,220,tostada;beans;lettuce;tomato;avocado
Chicken Fatteh,Middle Eastern,Non-Vegetarian,Wedding,Premium,360,chicken;chickpeas;yogurt;bread;spices
Vegetarian Spanakopita,Greek,Vegetarian,Anniversary,Standard,230,phyllo pastry;spinach;feta;onion;herbs
Gluten-Free Arepas,South American,Gluten-Free,Small Gathering,Standard,210,arepa flour;cheese;butter;egg
Nut-Free Lemon Drizzle Cake,British,Nut-Free,House Warming,Basic,150,flour;lemon;sugar;eggs;butter
Vegan Kimchi Stew,Korean,Vegan,Funeral,Basic,180,kimchi;tofu;vegetables;gochugaru
Vegetarian Tabbouleh,Lebanese,Vegetarian,Anniversary,Standard,200,bulgur;parsley;tomato;lemon;olive oil
Chicken Schnitzel,German,Non-Vegetarian,Birthday,Premium,350,chicken;breadcrumbs;egg;lemon;herbs
Vegan Cassoulet,French,Vegan,Small Gathering,Standard,230,white beans;tomato;carrot;herbs
Vegetarian Fajitas,Mexican,Vegetarian,Wedding,Standard,220,tortilla;bell pepper;onion;cheese
Nut-Free Pavlova,Australian,Nut-Free,Anniversary,Basic,140,egg whites;sugar;cornstarch;fruit
Gluten-Free Tamales,South American,Gluten-Free,Funeral,Standard,210,masa harina;corn husk;vegetables;spices
Vegan Miso Soup,Japanese,Vegan,House Warming,Standard,200,miso;tofu;seaweed;scallion
Vegetarian Ratatouille,French,Vegetarian,Anniversary,Standard,220,eggplant;zucchini;tomato;bell pepper;herbs
Chicken Empanada,Spanish,Non-Vegetarian,Small Gathering,Premium,340,flour;chicken;onion;spices
Vegan Gumbo,American,Vegan,Funeral,Basic,180,okra;tomato;beans;spices
Vegetarian Falafel Bowl,Mediterranean,Vegetarian,Wedding,Standard,210,lettuce;falafel;tomato;cucumber;hummus
Nut-Free Sacher Torte,Austrian,Nut-Free,Birthday,Basic,150,flour;chocolate;apricot jam;eggs;butter
Gluten-Free Bibimbap,Korean,Gluten-Free,Anniversary,Standard,230,gluten-free rice;vegetables;egg;gochujang
Vegan Burrito Salad,Mexican,Vegan,Small Gathering,Standard,220,rice;beans;lettuce;corn;avocado
Vegetarian Maki Roll,Japanese,Vegetarian,Wedding,Standard,210,rice;seaweed;cucumber;avocado
Chicken Shawarma Plate,Middle Eastern,Non-Vegetarian,Anniversary,Premium,360,chicken;spices;rice;garlic sauce;pickles
Vegan Paella,Spanish,Vegan,Birthday,Standard,230,rice;vegetables;peas;saffron;tomato
Nut-Free Madeira Cake,British,Nut-Free,House Warming,Basic,140,flour;butter;sugar;eggs;lemon
Gluten-Free Pita Wrap,Mediterranean,Gluten-Free,Funeral,Standard,210,gluten-free pita;lettuce;tomato;falafel
Vegetarian Tom Yum,Thai,Vegetarian,Anniversary,Standard,220,lemongrass;vegetables;tofu;lime
Chicken Yakitori,Japanese,Non-Vegetarian,Small Gathering,Premium,340,chicken;soy sauce;skewers;scallion
Vegan Tofu Tacos,Mexican,Vegan,Wedding,Standard,220,tortilla;tofu;lettuce;tomato;avocado
Vegetarian Moussaka,Greek,Vegetarian,Anniversary,Standard,230,eggplant;potato;cheese;tomato;herbs
Nut-Free Rice Cake,Korean,Nut-Free,Birthday,Basic,140,glutinous rice;red bean;sugar;salt
Vegan Bulgogi,Korean,Vegan,Anniversary,Standard,230,tofu;soy sauce;garlic;scallion;sesame oil
Chicken Mole,Mexican,Non-Vegetarian,Wedding,Premium,370,chicken;mole sauce;sesame seeds;chocolate;spices
Vegetarian Caponata,Italian,Vegetarian,House Warming,Standard,220,eggplant;tomato;olives;capers;onion
Gluten-Free Tostones,Caribbean,Gluten-Free,Small Gathering,Basic,160,plantain;oil;salt
Nut-Free Black Forest Cake,German,Nut-Free,Birthday,Premium,340,flour;cocoa powder;cherries;cream;eggs
Vegan Fattoush,Lebanese,Vegan,Funeral,Standard,200,lettuce;tomato;cucumber;sumac;toasted bread
Vegetarian Shakshuka,Middle Eastern,Vegetarian,Anniversary,Standard,220,egg;tomato;bell pepper;onion;spices
Chicken Paprikash,Hungarian,Non-Vegetarian,Small Gathering,Premium,350,chicken;paprika;sour cream;onion;butter
Vegan Okonomiyaki,Japanese,Vegan,Birthday,Standard,210,cabbage;flour;tofu;scallion;okonomiyaki sauce
Nut-Free Tres Leches Cake,Spanish,Nut-Free,Wedding,Basic,150,flour;milk;cream;eggs;sugar
Vegan Gazpacho,Spanish,Vegan,Funeral,Standard,200,tomato;cucumber;bell pepper;olive oil;garlic
Chicken Cacciatore,Italian,Non-Vegetarian,Anniversary,Premium,360,chicken;tomato;bell pepper;olive oil;herbs
Vegetarian Moussaka,Greek,Vegetarian,Wedding,Standard,230,eggplant;potato;cheese;tomato;herbs
Gluten-Free Pad Thai,Thai,Gluten-Free,Birthday,Standard,220,gluten-free rice noodles;tofu;peanuts;bean sprouts
Nut-Free Lamington,Australian,Nut-Free,House Warming,Basic,150,flour;eggs;sugar;coconut;chocolate
Vegan Banh Mi,Vietnamese,Vegan,Small Gathering,Standard,210,baguette;tofu;pickled vegetables;coriander
Vegetarian Chiles Rellenos,Mexican,Vegetarian,Anniversary,Standard,220,poblano pepper;cheese;tomato sauce;egg
Chicken Bobotie,African,Non-Vegetarian,Wedding,Premium,350,chicken;egg;milk;spices;bread
Vegan Tom Kha Soup,Thai,Vegan,Funeral,Standard,200,coconut milk;tofu;lemongrass;galangal;mushroom
Nut-Free Bread and Butter Pudding,British,Nut-Free,Birthday,Basic,140,bread;milk;eggs;sugar;butter
Luxury Truffle Risotto,Italian,Vegetarian,Wedding,Luxury,1200,arborio rice;truffle;parmesan;white wine;butter
Wagyu Beef Steak,Japanese,Non-Vegetarian,Anniversary,Luxury,2500,wagyu beef;sea salt;black pepper;herbs;butter
Lobster Thermidor,French,Non-Vegetarian,Wedding,Luxury,1800,lobster;cream;brandy;cheese;herbs
Truffle Pasta,Italian,Vegetarian,Anniversary,Luxury,1500,pasta;black truffle;cream;parmesan;butter
Caviar Blini,Russian,Non-Vegetarian,Wedding,Luxury,2000,caviar;blini;crème fraîche;chives;butter
Foie Gras,French,Non-Vegetarian,Anniversary,Luxury,1600,foie gras;brioche;fig jam;port wine
Luxury Sushi Platter,Japanese,Non-Vegetarian,Wedding,Luxury,2200,tuna;salmon;uni;ikura;wagyu
Truffle Pizza,Italian,Vegetarian,Anniversary,Luxury,1400,pizza dough;truffle;mozzarella;parmesan;herbs
Luxury Paella,Spanish,Non-Vegetarian,Wedding,Luxury,1800,rice;saffron;lobster;prawns;mussels
Luxury Biryani,Indian,Non-Vegetarian,Anniversary,Luxury,1600,rice;spices;saffron;nuts;dried fruits
Luxury Butter Chicken,Indian,Non-Vegetarian,Wedding,Luxury,1500,chicken;truffle butter;cream;spices;gold leaf
Luxury Sushi Omakase,Japanese,Non-Vegetarian,Anniversary,Luxury,2800,premium fish;uni;truffle;gold leaf;special soy
Luxury Truffle Burger,American,Non-Vegetarian,Wedding,Luxury,1400,wagyu beef;truffle;gold cheese;brioche;truffle mayo
Luxury Vegetarian Thali,Indian,Vegetarian,Anniversary,Luxury,1300,truffle pulao;gold paneer;saffron curry;truffle naan
Luxury Seafood Platter,Mediterranean,Non-Vegetarian,Wedding,Luxury,2200,lobster;caviar;oysters;truffle;gold leaf
Luxury Truffle Ramen,Japanese,Vegetarian,Anniversary,Luxury,1600,truffle broth;gold leaf;premium mushrooms;truffle oil
Luxury Chocolate Souffle,French,Vegetarian,Wedding,Luxury,1200,premium chocolate;truffle;gold leaf;vanilla bean
Luxury Vegetarian Sushi,Japanese,Vegetarian,Anniversary,Luxury,1800,truffle;gold leaf;premium vegetables;special rice
Luxury Pasta Carbonara,Italian,Non-Vegetarian,Wedding,Luxury,1500,truffle;guanciale;gold leaf;premium eggs
Luxury Vegetarian Paella,Spanish,Vegetarian,Anniversary,Luxury,1400,saffron;truffle;gold leaf;premium vegetables
Luxury Truffle Risotto,Italian,Vegetarian,Wedding,Luxury,1300,arborio rice;black truffle;parmesan;white wine;gold leaf
Luxury Vegetarian Burger,American,Vegetarian,Anniversary,Luxury,1200,truffle;gold cheese;premium vegetables;brioche
Luxury Seafood Curry,Indian,Non-Vegetarian,Wedding,Luxury,2000,lobster;caviar;truffle;gold leaf;premium spices
Luxury Vegetarian Pasta,Italian,Vegetarian,Anniversary,Luxury,1400,truffle;gold leaf;premium vegetables;special sauce
Luxury Chocolate Cake,French,Vegetarian,Wedding,Luxury,1500,premium chocolate;truffle;gold leaf;vanilla bean
Luxury Vegetarian Sushi,Japanese,Vegetarian,Anniversary,Luxury,1600,truffle;gold leaf;premium vegetables;special rice
Luxury Truffle Pizza,Italian,Vegetarian,Wedding,Luxury,1300,truffle;gold leaf;premium vegetables;special cheese
Luxury Vegetarian Paella,Spanish,Vegetarian,Anniversary,Luxury,1400,saffron;truffle;gold leaf;premium vegetables
Luxury Seafood Pasta,Italian,Non-Vegetarian,Wedding,Luxury,1800,lobster;caviar;truffle;gold leaf;special pasta
Luxury Vegetarian Risotto,Italian,Vegetarian,Anniversary,Luxury,1200,arborio rice;truffle;gold leaf;premium vegetables 